<code_scheme name="Alty Android Code Style" version="173">
  <option name="OTHER_INDENT_OPTIONS">
    <value>
      <option name="INDENT_SIZE" value="2" />
      <option name="CONTINUATION_INDENT_SIZE" value="4" />
      <option name="TAB_SIZE" value="2" />
    </value>
  </option>
  <AndroidXmlCodeStyleSettings>
    <option name="LAYOUT_SETTINGS">
      <value>
        <option name="INSERT_LINE_BREAK_AFTER_LAST_ATTRIBUTE" value="true" />
      </value>
    </option>
    <option name="MANIFEST_SETTINGS">
      <value>
        <option name="INSERT_LINE_BREAK_AFTER_LAST_ATTRIBUTE" value="true" />
      </value>
    </option>
    <option name="OTHER_SETTINGS">
      <value>
        <option name="INSERT_LINE_BREAK_AFTER_LAST_ATTRIBUTE" value="true" />
      </value>
    </option>
  </AndroidXmlCodeStyleSettings>
  <GroovyCodeStyleSettings>
    <option name="ALIGN_MULTILINE_LIST_OR_MAP" value="false" />
    <option name="ALIGN_NAMED_ARGS_IN_MAP" value="false" />
  </GroovyCodeStyleSettings>
  <JavaCodeStyleSettings>
    <option name="CLASS_NAMES_IN_JAVADOC" value="3" />
    <option name="CLASS_COUNT_TO_USE_IMPORT_ON_DEMAND" value="999" />
    <option name="NAMES_COUNT_TO_USE_IMPORT_ON_DEMAND" value="999" />
    <option name="IMPORT_LAYOUT_TABLE">
      <value>
        <package name="" withSubpackages="true" static="false" module="true" />
        <package name="" withSubpackages="true" static="false" />
        <emptyLine />
        <package name="" withSubpackages="true" static="true" />
      </value>
    </option>
    <option name="JD_ALIGN_PARAM_COMMENTS" value="false" />
    <option name="JD_ALIGN_EXCEPTION_COMMENTS" value="false" />
    <option name="JD_P_AT_EMPTY_LINES" value="false" />
    <option name="JD_DO_NOT_WRAP_ONE_LINE_COMMENTS" value="true" />
    <option name="JD_KEEP_EMPTY_PARAMETER" value="false" />
    <option name="JD_KEEP_EMPTY_RETURN" value="false" />
    <option name="JD_PRESERVE_LINE_FEEDS" value="true" />
  </JavaCodeStyleSettings>
  <JetCodeStyleSettings>
    <option name="LINE_BREAK_AFTER_MULTILINE_WHEN_ENTRY" value="false" />
    <option name="WRAP_EXPRESSION_BODY_FUNCTIONS" value="0" />
    <option name="CODE_STYLE_DEFAULTS" value="KOTLIN_OFFICIAL" />
  </JetCodeStyleSettings>
  <Objective-C>
    <option name="INDENT_NAMESPACE_MEMBERS" value="2" />
    <option name="INDENT_C_STRUCT_MEMBERS" value="2" />
    <option name="INDENT_CLASS_MEMBERS" value="2" />
    <option name="INDENT_INSIDE_CODE_BLOCK" value="2" />
  </Objective-C>
  <ADDITIONAL_INDENT_OPTIONS fileType="php">
    <option name="INDENT_SIZE" value="2" />
    <option name="CONTINUATION_INDENT_SIZE" value="4" />
    <option name="TAB_SIZE" value="2" />
  </ADDITIONAL_INDENT_OPTIONS>
  <ADDITIONAL_INDENT_OPTIONS fileType="scala">
    <option name="INDENT_SIZE" value="2" />
    <option name="CONTINUATION_INDENT_SIZE" value="2" />
    <option name="TAB_SIZE" value="2" />
  </ADDITIONAL_INDENT_OPTIONS>
  <codeStyleSettings language="CSS">
    <indentOptions>
      <option name="INDENT_SIZE" value="2" />
      <option name="CONTINUATION_INDENT_SIZE" value="4" />
      <option name="TAB_SIZE" value="2" />
    </indentOptions>
  </codeStyleSettings>
  <codeStyleSettings language="CoffeeScript">
    <option name="KEEP_LINE_BREAKS" value="false" />
    <option name="KEEP_FIRST_COLUMN_COMMENT" value="false" />
    <option name="KEEP_BLANK_LINES_IN_CODE" value="1" />
    <option name="ALIGN_MULTILINE_PARAMETERS" value="false" />
    <option name="METHOD_PARAMETERS_WRAP" value="1" />
    <option name="PARENT_SETTINGS_INSTALLED" value="true" />
  </codeStyleSettings>
  <codeStyleSettings language="Groovy">
    <option name="KEEP_FIRST_COLUMN_COMMENT" value="false" />
    <option name="KEEP_BLANK_LINES_IN_DECLARATIONS" value="1" />
    <option name="KEEP_BLANK_LINES_IN_CODE" value="1" />
    <option name="KEEP_BLANK_LINES_BEFORE_RBRACE" value="0" />
    <option name="ALIGN_MULTILINE_PARAMETERS" value="false" />
    <option name="CALL_PARAMETERS_WRAP" value="5" />
    <option name="CALL_PARAMETERS_LPAREN_ON_NEXT_LINE" value="true" />
    <option name="CALL_PARAMETERS_RPAREN_ON_NEXT_LINE" value="true" />
    <option name="METHOD_PARAMETERS_WRAP" value="5" />
    <option name="METHOD_PARAMETERS_LPAREN_ON_NEXT_LINE" value="true" />
    <option name="METHOD_PARAMETERS_RPAREN_ON_NEXT_LINE" value="true" />
    <option name="RESOURCE_LIST_LPAREN_ON_NEXT_LINE" value="true" />
    <option name="RESOURCE_LIST_RPAREN_ON_NEXT_LINE" value="true" />
    <option name="EXTENDS_LIST_WRAP" value="5" />
    <option name="THROWS_LIST_WRAP" value="5" />
    <option name="METHOD_CALL_CHAIN_WRAP" value="5" />
    <option name="BINARY_OPERATION_WRAP" value="1" />
    <option name="TERNARY_OPERATION_WRAP" value="1" />
    <option name="KEEP_SIMPLE_BLOCKS_IN_ONE_LINE" value="true" />
    <option name="KEEP_MULTIPLE_EXPRESSIONS_IN_ONE_LINE" value="true" />
    <option name="FOR_STATEMENT_WRAP" value="1" />
    <option name="FOR_STATEMENT_LPAREN_ON_NEXT_LINE" value="true" />
    <option name="FOR_STATEMENT_RPAREN_ON_NEXT_LINE" value="true" />
    <option name="ARRAY_INITIALIZER_WRAP" value="1" />
    <option name="ARRAY_INITIALIZER_LBRACE_ON_NEXT_LINE" value="true" />
    <option name="ARRAY_INITIALIZER_RBRACE_ON_NEXT_LINE" value="true" />
    <option name="ASSERT_STATEMENT_WRAP" value="1" />
    <option name="IF_BRACE_FORCE" value="1" />
    <option name="DOWHILE_BRACE_FORCE" value="1" />
    <option name="WHILE_BRACE_FORCE" value="1" />
    <option name="METHOD_ANNOTATION_WRAP" value="1" />
    <option name="CLASS_ANNOTATION_WRAP" value="1" />
    <option name="FIELD_ANNOTATION_WRAP" value="1" />
    <option name="PARAMETER_ANNOTATION_WRAP" value="1" />
    <option name="VARIABLE_ANNOTATION_WRAP" value="1" />
    <indentOptions>
      <option name="INDENT_SIZE" value="2" />
      <option name="CONTINUATION_INDENT_SIZE" value="4" />
      <option name="TAB_SIZE" value="2" />
    </indentOptions>
  </codeStyleSettings>
  <codeStyleSettings language="JAVA">
    <option name="LINE_COMMENT_AT_FIRST_COLUMN" value="false" />
    <option name="BLOCK_COMMENT_AT_FIRST_COLUMN" value="false" />
    <option name="KEEP_LINE_BREAKS" value="false" />
    <option name="KEEP_FIRST_COLUMN_COMMENT" value="false" />
    <option name="KEEP_BLANK_LINES_IN_DECLARATIONS" value="1" />
    <option name="KEEP_BLANK_LINES_IN_CODE" value="1" />
    <option name="KEEP_BLANK_LINES_BEFORE_RBRACE" value="0" />
    <option name="ALIGN_MULTILINE_CHAINED_METHODS" value="true" />
    <option name="ALIGN_MULTILINE_PARAMETERS" value="false" />
    <option name="ALIGN_MULTILINE_FOR" value="false" />
    <option name="SPACE_WITHIN_ARRAY_INITIALIZER_BRACES" value="true" />
    <option name="SPACE_BEFORE_ARRAY_INITIALIZER_LBRACE" value="true" />
    <option name="CALL_PARAMETERS_WRAP" value="1" />
    <option name="METHOD_PARAMETERS_WRAP" value="1" />
    <option name="RESOURCE_LIST_WRAP" value="1" />
    <option name="EXTENDS_LIST_WRAP" value="1" />
    <option name="THROWS_LIST_WRAP" value="1" />
    <option name="EXTENDS_KEYWORD_WRAP" value="1" />
    <option name="THROWS_KEYWORD_WRAP" value="1" />
    <option name="METHOD_CALL_CHAIN_WRAP" value="2" />
    <option name="BINARY_OPERATION_WRAP" value="1" />
    <option name="TERNARY_OPERATION_WRAP" value="1" />
    <option name="TERNARY_OPERATION_SIGNS_ON_NEXT_LINE" value="true" />
    <option name="FOR_STATEMENT_WRAP" value="1" />
    <option name="ARRAY_INITIALIZER_WRAP" value="1" />
    <option name="ARRAY_INITIALIZER_LBRACE_ON_NEXT_LINE" value="true" />
    <option name="ARRAY_INITIALIZER_RBRACE_ON_NEXT_LINE" value="true" />
    <option name="ASSIGNMENT_WRAP" value="1" />
    <option name="ASSERT_STATEMENT_WRAP" value="1" />
    <option name="IF_BRACE_FORCE" value="1" />
    <option name="DOWHILE_BRACE_FORCE" value="1" />
    <option name="WHILE_BRACE_FORCE" value="1" />
    <option name="FIELD_ANNOTATION_WRAP" value="1" />
    <option name="PARAMETER_ANNOTATION_WRAP" value="1" />
    <option name="VARIABLE_ANNOTATION_WRAP" value="1" />
    <indentOptions>
      <option name="INDENT_SIZE" value="2" />
      <option name="CONTINUATION_INDENT_SIZE" value="4" />
      <option name="TAB_SIZE" value="2" />
      <option name="USE_TAB_CHARACTER" value="true" />
      <option name="SMART_TABS" value="true" />
    </indentOptions>
  </codeStyleSettings>
  <codeStyleSettings language="JSON">
    <option name="KEEP_LINE_BREAKS" value="false" />
    <option name="KEEP_BLANK_LINES_IN_CODE" value="1" />
  </codeStyleSettings>
  <codeStyleSettings language="JavaScript">
    <option name="KEEP_LINE_BREAKS" value="false" />
    <option name="KEEP_FIRST_COLUMN_COMMENT" value="false" />
    <option name="KEEP_BLANK_LINES_IN_CODE" value="1" />
    <option name="ALIGN_MULTILINE_PARAMETERS" value="false" />
    <option name="ALIGN_MULTILINE_FOR" value="false" />
    <option name="CALL_PARAMETERS_WRAP" value="1" />
    <option name="METHOD_PARAMETERS_WRAP" value="1" />
    <option name="BINARY_OPERATION_WRAP" value="5" />
    <option name="BINARY_OPERATION_SIGN_ON_NEXT_LINE" value="true" />
    <option name="TERNARY_OPERATION_WRAP" value="1" />
    <option name="TERNARY_OPERATION_SIGNS_ON_NEXT_LINE" value="true" />
    <option name="FOR_STATEMENT_WRAP" value="1" />
    <option name="ARRAY_INITIALIZER_WRAP" value="1" />
    <option name="ASSIGNMENT_WRAP" value="1" />
    <option name="IF_BRACE_FORCE" value="1" />
    <option name="DOWHILE_BRACE_FORCE" value="1" />
    <option name="WHILE_BRACE_FORCE" value="1" />
    <option name="PARENT_SETTINGS_INSTALLED" value="true" />
    <indentOptions>
      <option name="INDENT_SIZE" value="2" />
      <option name="TAB_SIZE" value="2" />
    </indentOptions>
  </codeStyleSettings>
  <codeStyleSettings language="ObjectiveC">
    <indentOptions>
      <option name="INDENT_SIZE" value="2" />
      <option name="CONTINUATION_INDENT_SIZE" value="2" />
      <option name="TAB_SIZE" value="2" />
    </indentOptions>
  </codeStyleSettings>
  <codeStyleSettings language="SQL">
    <option name="KEEP_BLANK_LINES_IN_CODE" value="1" />
    <option name="PARENT_SETTINGS_INSTALLED" value="true" />
  </codeStyleSettings>
  <codeStyleSettings language="TypeScript">
    <option name="KEEP_LINE_BREAKS" value="false" />
    <option name="KEEP_FIRST_COLUMN_COMMENT" value="false" />
    <option name="KEEP_BLANK_LINES_IN_CODE" value="1" />
    <option name="ALIGN_MULTILINE_PARAMETERS" value="false" />
    <option name="ALIGN_MULTILINE_FOR" value="false" />
    <option name="CALL_PARAMETERS_WRAP" value="1" />
    <option name="METHOD_PARAMETERS_WRAP" value="1" />
    <option name="EXTENDS_LIST_WRAP" value="1" />
    <option name="EXTENDS_KEYWORD_WRAP" value="1" />
    <option name="BINARY_OPERATION_WRAP" value="5" />
    <option name="BINARY_OPERATION_SIGN_ON_NEXT_LINE" value="true" />
    <option name="TERNARY_OPERATION_WRAP" value="1" />
    <option name="TERNARY_OPERATION_SIGNS_ON_NEXT_LINE" value="true" />
    <option name="FOR_STATEMENT_WRAP" value="1" />
    <option name="ARRAY_INITIALIZER_WRAP" value="1" />
    <option name="ASSIGNMENT_WRAP" value="1" />
    <option name="WRAP_COMMENTS" value="true" />
    <option name="IF_BRACE_FORCE" value="1" />
    <option name="DOWHILE_BRACE_FORCE" value="1" />
    <option name="WHILE_BRACE_FORCE" value="1" />
    <option name="PARENT_SETTINGS_INSTALLED" value="true" />
  </codeStyleSettings>
  <codeStyleSettings language="XML">
    <indentOptions>
      <option name="INDENT_SIZE" value="2" />
      <option name="CONTINUATION_INDENT_SIZE" value="4" />
      <option name="TAB_SIZE" value="2" />
      <option name="USE_TAB_CHARACTER" value="true" />
      <option name="SMART_TABS" value="true" />
    </indentOptions>
    <arrangement>
      <rules>
        <section>
          <rule>
            <match>
              <AND>
                <NAME>class</NAME>
                <XML_ATTRIBUTE />
              </AND>
            </match>
          </rule>
        </section>
        <section>
          <rule>
            <match>
              <AND>
                <NAME>layout</NAME>
                <XML_ATTRIBUTE />
              </AND>
            </match>
          </rule>
        </section>
        <section>
          <rule>
            <match>
              <AND>
                <NAME>xmlns:android</NAME>
                <XML_ATTRIBUTE />
              </AND>
            </match>
          </rule>
        </section>
        <section>
          <rule>
            <match>
              <AND>
                <NAME>xmlns:.*</NAME>
                <XML_ATTRIBUTE />
              </AND>
            </match>
            <order>BY_NAME</order>
          </rule>
        </section>
        <section>
          <rule>
            <match>
              <AND>
                <NAME>.*:id</NAME>
                <XML_ATTRIBUTE />
                <XML_NAMESPACE>http://schemas.android.com/apk/res/android</XML_NAMESPACE>
              </AND>
            </match>
          </rule>
        </section>
        <section>
          <rule>
            <match>
              <AND>
                <NAME>.*:name</NAME>
                <XML_ATTRIBUTE />
                <XML_NAMESPACE>http://schemas.android.com/apk/res/android</XML_NAMESPACE>
              </AND>
            </match>
          </rule>
        </section>
        <section>
          <rule>
            <match>
              <AND>
                <NAME>.*:layout_width</NAME>
                <XML_ATTRIBUTE />
                <XML_NAMESPACE>http://schemas.android.com/apk/res/android</XML_NAMESPACE>
              </AND>
            </match>
          </rule>
        </section>
        <section>
          <rule>
            <match>
              <AND>
                <NAME>.*:layout_height</NAME>
                <XML_ATTRIBUTE />
                <XML_NAMESPACE>http://schemas.android.com/apk/res/android</XML_NAMESPACE>
              </AND>
            </match>
          </rule>
        </section>
        <section>
          <rule>
            <match>
              <AND>
                <NAME>.*:layout_.*</NAME>
                <XML_ATTRIBUTE />
                <XML_NAMESPACE>http://schemas.android.com/apk/res/android</XML_NAMESPACE>
              </AND>
            </match>
            <order>BY_NAME</order>
          </rule>
        </section>
        <section>
          <rule>
            <match>
              <AND>
                <NAME>.*</NAME>
                <XML_ATTRIBUTE />
                <XML_NAMESPACE>http://schemas.android.com/apk/res/android</XML_NAMESPACE>
              </AND>
            </match>
            <order>BY_NAME</order>
          </rule>
        </section>
        <section>
          <rule>
            <match>
              <AND>
                <NAME>.*(?&lt;!style)$</NAME>
                <XML_ATTRIBUTE />
              </AND>
            </match>
            <order>BY_NAME</order>
          </rule>
        </section>
        <section>
          <rule>
            <match>
              <AND>
                <NAME>style</NAME>
                <XML_ATTRIBUTE />
              </AND>
            </match>
          </rule>
        </section>
      </rules>
    </arrangement>
  </codeStyleSettings>
  <codeStyleSettings language="kotlin">
    <option name="CODE_STYLE_DEFAULTS" value="KOTLIN_OFFICIAL" />
    <option name="RIGHT_MARGIN" value="100" />
    <option name="KEEP_FIRST_COLUMN_COMMENT" value="false" />
    <option name="ALIGN_MULTILINE_PARAMETERS" value="false" />
    <option name="EXTENDS_LIST_WRAP" value="5" />
    <option name="METHOD_CALL_CHAIN_WRAP" value="5" />
    <option name="ASSIGNMENT_WRAP" value="5" />
    <option name="FIELD_ANNOTATION_WRAP" value="5" />
    <option name="ENUM_CONSTANTS_WRAP" value="5" />
    <indentOptions>
      <option name="INDENT_SIZE" value="2" />
      <option name="CONTINUATION_INDENT_SIZE" value="2" />
      <option name="TAB_SIZE" value="2" />
    </indentOptions>
  </codeStyleSettings>
</code_scheme>