<keymap version="1" name="XWin copy" parent="Default for XWin">
  <action id="Android.SyncProject">
    <keyboard-shortcut first-keystroke="shift f12" />
  </action>
  <action id="CleanGradleProject">
    <keyboard-shortcut first-keystroke="shift f11" />
  </action>
  <action id="RestoreDefaultLayout" />
  <action id="ShowBookmarks" />
  <action id="UpdateRunningApplication" />
  <action id="android.deploy.ApplyChanges">
    <keyboard-shortcut first-keystroke="ctrl f10" />
  </action>
  <action id="android.deploy.CodeSwap">
    <keyboard-shortcut first-keystroke="ctrl alt f10" />
  </action>
</keymap>