<application>
  <component name="AndroidLogcatFilterHistory">
    <option name="mostRecentlyUsed" value="package:com.gtbank.gtworldv1.mocks " />
    <option name="nonFavorites">
      <list>
        <option value="package:com.gtbank.gtworldv1.mocks " />
        <option value="package:com.gtbank.gtworldv1.mocks lol" />
        <option value="package:com.plcoding.chirp " />
        <option value="package:com.gtbank.gtworldv1.mocks dome" />
        <option value="package:com.gtbank.gtworldv1.mocks fire" />
        <option value="package:com.gtbank.gtworldv1.mocks" />
        <option value="package:com.gtbank.gtworldv1.mocks is:firebase " />
        <option value="fire lol" />
        <option value="fire" />
        <option value="package:com.gtbank.gtworldv1.mocks .jso" />
        <option value="package:com.gtbank.gtworldv1.mocks promo" />
        <option value="package:com.gtbank.gtworldv1.mocks pro" />
        <option value="package:com.gtbank.gtworldv1.mocks promos.json" />
        <option value="package:mine " />
        <option value="package:mine fire" />
        <option value="package:com.gtbank.gtworldv1.mocks Identity Verification Source" />
        <option value="package:com.gtbank.gtworldv1.mocks accoun" />
        <option value="package:com.gtbank.gtworldv1.mocks profile" />
        <option value="package:com.gtbank.gtworldv1.pilot2 " />
        <option value="package:com.gtbank.gtworldv1.mocks    " />
      </list>
    </option>
  </component>
</application>