<application>
  <component name="ExportableFileTemplateSettings">
    <default_templates>
      <template name="New Compose Screen.kt" file-name="${NAME}Screen" reformat="true" live-template-enabled="false">
        <template name="New Compose Screen.kt.child.0.kt" file-name="${NAME}Action" reformat="true" live-template-enabled="false" />
        <template name="New Compose Screen.kt.child.1.kt" file-name="${NAME}ScreenViewModel" reformat="true" live-template-enabled="false" />
        <template name="New Compose Screen.kt.child.2.kt" file-name="${NAME}ScreenContent" reformat="true" live-template-enabled="false" />
      </template>
      <template name="New Compose Screen.kt.child.0.kt" file-name="${NAME}Action" reformat="true" live-template-enabled="false" />
      <template name="New Compose Screen.kt.child.1.kt" file-name="${NAME}ScreenViewModel" reformat="true" live-template-enabled="false" />
      <template name="New Compose Screen.kt.child.2.kt" file-name="${NAME}ScreenContent" reformat="true" live-template-enabled="false" />
    </default_templates>
  </component>
</application>