<application>
  <component name="DimensionService">
    <location key="WELCOME_SCREEN.2560.0.2560.1440" x="3793" y="341" />
    <location key="find.popup.2560.0.2560.1440" x="3604" y="135" />
    <location key="find.popup.8192.0.4096.2304@192dpi" x="9294" y="160" />
    <location key="#com.android.tools.idea.streaming.emulator.dialogs.ManageSnapshotsDialog.0.0.4096.2304@192dpi" x="8192" y="488" />
    <location key="GridCell.Tab.3.left.0.0.4096.2304@192dpi" x="8192" y="786" />
    <location key="GridCell.Tab.3.center.0.0.4096.2304@192dpi" x="8192" y="786" />
    <location key="GridCell.Tab.3.right.0.0.4096.2304@192dpi" x="8192" y="786" />
    <location key="GridCell.Tab.3.bottom.0.0.4096.2304@192dpi" x="8192" y="786" />
    <location key="GridCell.Tab.3.left.8192.0.4096.2304@192dpi" x="8192" y="786" />
    <location key="GridCell.Tab.3.center.8192.0.4096.2304@192dpi" x="8192" y="786" />
    <location key="GridCell.Tab.3.right.8192.0.4096.2304@192dpi" x="8192" y="786" />
    <location key="GridCell.Tab.3.bottom.8192.0.4096.2304@192dpi" x="8192" y="786" />
    <location key="GridCell.Tab.2.left.8192.0.4096.2304@192dpi" x="8192" y="786" />
    <location key="GridCell.Tab.2.center.8192.0.4096.2304@192dpi" x="8192" y="786" />
    <location key="GridCell.Tab.2.right.8192.0.4096.2304@192dpi" x="8192" y="786" />
    <location key="GridCell.Tab.2.bottom.8192.0.4096.2304@192dpi" x="8192" y="786" />
    <location key="GridCell.Tab.1.left.8192.0.4096.2304@192dpi" x="8192" y="786" />
    <location key="GridCell.Tab.1.center.8192.0.4096.2304@192dpi" x="8192" y="786" />
    <location key="GridCell.Tab.1.right.8192.0.4096.2304@192dpi" x="8192" y="786" />
    <location key="GridCell.Tab.1.bottom.8192.0.4096.2304@192dpi" x="8192" y="786" />
    <location key="GridCell.Tab.4.left.8192.0.4096.2304@192dpi" x="8192" y="786" />
    <location key="GridCell.Tab.4.center.8192.0.4096.2304@192dpi" x="8192" y="786" />
    <location key="GridCell.Tab.4.right.8192.0.4096.2304@192dpi" x="8192" y="786" />
    <location key="GridCell.Tab.4.bottom.8192.0.4096.2304@192dpi" x="8192" y="786" />
    <size key="find.popup.2560.0.2560.1440" width="708" height="864" />
    <size key="find.popup.8192.0.4096.2304@192dpi" width="2994" height="1684" />
    <size key="GridCell.Tab.0.left.8192.0.4096.2304@192dpi" width="3932" height="776" />
    <size key="GridCell.Tab.0.center.8192.0.4096.2304@192dpi" width="3932" height="776" />
    <size key="GridCell.Tab.0.right.8192.0.4096.2304@192dpi" width="3932" height="776" />
    <size key="GridCell.Tab.0.bottom.8192.0.4096.2304@192dpi" width="3932" height="776" />
    <size key="GridCell.Tab.1.left.8192.0.4096.2304@192dpi" width="3932" height="776" />
    <size key="GridCell.Tab.1.center.8192.0.4096.2304@192dpi" width="3932" height="776" />
    <size key="GridCell.Tab.1.right.8192.0.4096.2304@192dpi" width="3932" height="776" />
    <size key="GridCell.Tab.1.bottom.8192.0.4096.2304@192dpi" width="3932" height="776" />
    <size key="GridCell.Tab.2.left.8192.0.4096.2304@192dpi" width="3932" height="776" />
    <size key="GridCell.Tab.2.center.8192.0.4096.2304@192dpi" width="3932" height="776" />
    <size key="GridCell.Tab.2.right.8192.0.4096.2304@192dpi" width="3932" height="776" />
    <size key="GridCell.Tab.2.bottom.8192.0.4096.2304@192dpi" width="3932" height="776" />
    <size key="GridCell.Tab.3.left.8192.0.4096.2304@192dpi" width="3932" height="776" />
    <size key="GridCell.Tab.3.center.8192.0.4096.2304@192dpi" width="3932" height="776" />
    <size key="GridCell.Tab.3.right.8192.0.4096.2304@192dpi" width="3932" height="776" />
    <size key="GridCell.Tab.3.bottom.8192.0.4096.2304@192dpi" width="3932" height="776" />
    <size key="GridCell.Tab.1.left.0.0.4096.2304@192dpi" width="3932" height="630" />
    <size key="GridCell.Tab.1.center.0.0.4096.2304@192dpi" width="3932" height="630" />
    <size key="GridCell.Tab.1.right.0.0.4096.2304@192dpi" width="3932" height="630" />
    <size key="GridCell.Tab.1.bottom.0.0.4096.2304@192dpi" width="3932" height="630" />
    <size key="GridCell.Tab.0.left.0.0.4096.2304@192dpi" width="3932" height="630" />
    <size key="GridCell.Tab.0.center.0.0.4096.2304@192dpi" width="3932" height="630" />
    <size key="GridCell.Tab.0.right.0.0.4096.2304@192dpi" width="3932" height="630" />
    <size key="GridCell.Tab.0.bottom.0.0.4096.2304@192dpi" width="3932" height="630" />
    <size key="GridCell.Tab.2.left.0.0.4096.2304@192dpi" width="3932" height="630" />
    <size key="GridCell.Tab.2.center.0.0.4096.2304@192dpi" width="3932" height="630" />
    <size key="GridCell.Tab.2.right.0.0.4096.2304@192dpi" width="3932" height="630" />
    <size key="GridCell.Tab.2.bottom.0.0.4096.2304@192dpi" width="3932" height="630" />
    <size key="GridCell.Tab.3.left.0.0.4096.2304@192dpi" width="3932" height="630" />
    <size key="GridCell.Tab.3.center.0.0.4096.2304@192dpi" width="3932" height="630" />
    <size key="GridCell.Tab.3.right.0.0.4096.2304@192dpi" width="3932" height="630" />
    <size key="GridCell.Tab.3.bottom.0.0.4096.2304@192dpi" width="3932" height="630" />
    <size key="#com.android.tools.idea.streaming.emulator.dialogs.ManageSnapshotsDialog.0.0.4096.2304@192dpi" width="1628" height="1282" />
    <size key="GridCell.Tab.-1.left.0.0.4096.2304@192dpi" width="3932" height="766" />
    <size key="GridCell.Tab.-1.center.0.0.4096.2304@192dpi" width="3932" height="766" />
    <size key="GridCell.Tab.-1.right.0.0.4096.2304@192dpi" width="3932" height="766" />
    <size key="GridCell.Tab.-1.bottom.0.0.4096.2304@192dpi" width="3932" height="766" />
    <size key="GridCell.Tab.4.left.8192.0.4096.2304@192dpi" width="3932" height="696" />
    <size key="GridCell.Tab.4.center.8192.0.4096.2304@192dpi" width="3932" height="696" />
    <size key="GridCell.Tab.4.right.8192.0.4096.2304@192dpi" width="3932" height="696" />
    <size key="GridCell.Tab.4.bottom.8192.0.4096.2304@192dpi" width="3932" height="696" />
  </component>
  <component name="WindowManager">
    <frame x="4096" y="0" width="2048" height="1107" extendedState="6" />
  </component>
  <component name="WindowStateApplicationService">
    <state width="730" height="890" key="ShowUsagesActions.dimensionServiceKey" timestamp="1766077931593">
      <screen x="4096" y="0" width="2048" height="1152" />
    </state>
    <state width="730" height="890" key="ShowUsagesActions.dimensionServiceKey/4096.0.2048.1152/0.0.2048.1152" timestamp="1766077931593" />
  </component>
</application>