<application>
  <component name="Translation.Cache">
    <option name="lastTrimTime" value="1765883029906" />
  </component>
  <component name="Translation.Settings">
    <option name="primaryLanguage" value="ENGLISH" />
    <option name="targetLanguageSelection" />
  </component>
  <component name="Translation.States">
    <option name="lastLanguages">
      <language-pair source="WELSH" target="RUSSIAN" />
    </option>
    <option name="pinTranslationDialog" value="true" />
    <option name="translationDialogCollapseDictViewer" value="false" />
    <option name="translationDialogHeight" value="260" />
    <option name="translationDialogLocationX" value="4819" />
    <option name="translationDialogLocationY" value="429" />
    <histories>
      <item value="двоеточие&#10;" />
      <item value="semicolon" />
      <item value="Disposition" />
      <item value="Loadable" />
      <item value="utility bill" />
      <item value="Bearer" />
      <item value="relative" />
      <item value="pops" />
      <item value="stroke cap" />
      <item value="Date" />
      <item value="foundation" />
      <item value="Promo" />
      <item value="tuple" />
      <item value="tuples&#10;" />
      <item value="If you want to use [giveFeedbackWhenNeeded] once per this view show. You must call this method via LiveData to give an extra time for state restoration in [onRestoreInstanceState] otherwise soundhaptic feedback will be run per each [setupView] after each process restoration." />
      <item value="dicates that the ViewPager2 is in an idle, settled state. The current page is fully in view and no animation is in progress." />
      <item value="ndicates that the ViewPager2 is in the process of settling to a final position." />
      <item value="typegraphy&#10;" />
      <item value="typeg" />
      <item value="theme" />
      <item value="Text" />
      <item value="String" />
      <item value="Зникати&#10;" />
      <item value="Зникати" />
      <item value="Disparaged" />
      <item value="If backend adds UserProfileJob as a result we need to save it right away" />
      <item value="removed custom sorting of assets on Portfolio screen and changed mapping of property 'id' in Asset from our custom to Room autoGeneration" />
      <item value="partition" />
      <item value="must be renamed into &quot;Dividends&quot; in mutual asset details as it was discussed in Slack " />
      <item value="mutual" />
      <item value="segregated" />
      <item value="Effective date" />
      <item value="Maturity date" />
      <item value="account officer email" />
      <item value="effective date" />
      <item value="maturity date" />
      <item value="Domestic" />
      <item value="It is a backend bug. They give the last 4 transactions on Заїд account with the same ids as they are in the first 25 transactions page in the last 4 transactions (21, 22, 23…)" />
      <item value="Default value is the same with NumberFormat default" />
      <item value="Default value is the same with NumberFormat default one" />
      <item value="EVEN" />
      <item value="Rounding mode to round towards the &quot;nearest neighbor&quot; unless both neighbors are equidistant, in which case, round towards the even neighbor. Behaves as for RoundingMode.HALF_UP if the digit to the left of the discarded fraction is odd; behaves as for RoundingMode.HALF_DOWN if it's even. Note that this is the rounding mode that statistically minimizes cumulative error when applied repeatedly over a sequence of calculations. It is sometimes known as &quot;Banker's rounding,&quot; and is chiefly used in the USA. This rounding mode is analogous to the rounding policy used for float and double arithmetic in Java. This mode corresponds to the IEEE 754-2019 rounding-direction attribute roundTiesToEven. Example:" />
      <item value="It is &quot;assets&quot; actually, not funds. It will be changed on BackEnd somewhere" />
      <item value="It is &quot;assets&quot; actually, not funds. It must be changed on BackEnd somewhere" />
      <item value="розділювач" />
      <item value="Forcibly" />
      <item value="flush" />
      <item value="TRUNCATE" />
      <item value="hello" />
      <item value="skipped bytes" />
    </histories>
    <option name="languageScores">
      <map>
        <entry key="ENGLISH" value="44" />
        <entry key="FRENCH" value="2" />
        <entry key="RUSSIAN" value="25" />
        <entry key="UKRAINIAN" value="20" />
        <entry key="WELSH" value="1" />
      </map>
    </option>
  </component>
</application>